,5250.2084,5250.6453,5379.5734,5381.0216,5382.2562,5383.368,5432.546,5432.947,5434.5232,5435.8577,5436.2945,5436.5875,5576.0881,5578.718,6149.246,6151.617,6169.042,6169.563,6170.5056,6173.3344,6301.5008,6302.4932
0,0.06146408723876524,0.06146408723876524,0.05970624055597487,0.05970624055597487,0.05970624055597487,0.05970624055597487,0.058279882708256806,0.058279882708256806,0.058279882708256806,0.058279882708256806,0.058279882708256806,0.058279882708256806,0.057976478972661,0.057976478972661,0.047906266509625435,0.047906266509625435,0.04711439934002899,0.04711439934002899,0.04711439934002899,0.04711439934002899,0.0443942346223313,0.0443942346223313
1,0.05974090088105611,0.05974090088105611,0.05759949199805416,0.05759949199805416,0.05759949199805416,0.05759949199805416,0.05763928984266548,0.05763928984266548,0.05763928984266548,0.05763928984266548,0.05763928984266548,0.05763928984266548,0.05590953347119348,0.05590953347119348,0.046772612525228685,0.046772612525228685,0.04522000214414992,0.04522000214414992,0.04522000214414992,0.04522000214414992,0.043743840637668126,0.043743840637668126
2,0.06120173547859304,0.06120173547859304,0.05983497291211887,0.05983497291211887,0.05983497291211887,0.05983497291211887,0.05899275661000478,0.05899275661000478,0.05899275661000478,0.05899275661000478,0.05899275661000478,0.05899275661000478,0.05790496195284686,0.05790496195284686,0.04889820496008606,0.04889820496008606,0.04691390589499333,0.04691390589499333,0.04691390589499333,0.04691390589499333,0.04488609068233207,0.04488609068233207
3,0.0639556231583511,0.0639556231583511,0.062153239650115495,0.062153239650115495,0.062153239650115495,0.062153239650115495,0.06130287038389899,0.06130287038389899,0.06130287038389899,0.06130287038389899,0.06130287038389899,0.06130287038389899,0.06017192842789204,0.06017192842789204,0.05088826707622083,0.05088826707622083,0.04933863898389463,0.04933863898389463,0.04933863898389463,0.04933863898389463,0.047666513575915295,0.047666513575915295
4,0.06358877577413113,0.06358877577413113,0.06226417779503717,0.06226417779503717,0.06226417779503717,0.06226417779503717,0.061421316002168,0.061421316002168,0.061421316002168,0.061421316002168,0.061421316002168,0.061421316002168,0.05996491221054537,0.05996491221054537,0.051078799418722606,0.051078799418722606,0.04940342455798217,0.04940342455798217,0.04940342455798217,0.04940342455798217,0.046896994967127764,0.046896994967127764
5,0.06251419438588618,0.06251419438588618,0.060911340236871434,0.060911340236871434,0.060911340236871434,0.060911340236871434,0.06042325976502908,0.06042325976502908,0.06042325976502908,0.06042325976502908,0.06042325976502908,0.06042325976502908,0.0583156872946533,0.0583156872946533,0.04921903440131254,0.04921903440131254,0.04817698310541825,0.04817698310541825,0.04817698310541825,0.04817698310541825,0.04658491773504068,0.04658491773504068
6,0.06359904198200855,0.06359904198200855,0.06002894256288062,0.06002894256288062,0.06002894256288062,0.06002894256288062,0.06071686493206882,0.06071686493206882,0.06071686493206882,0.06071686493206882,0.06071686493206882,0.06071686493206882,0.0594199421347451,0.0594199421347451,0.05071962601224755,0.05071962601224755,0.04932541241931632,0.04932541241931632,0.04932541241931632,0.04932541241931632,0.04745308493598352,0.04745308493598352
7,0.06320122731699712,0.06320122731699712,0.06114721174195671,0.06114721174195671,0.06114721174195671,0.06114721174195671,0.061017623735126834,0.061017623735126834,0.061017623735126834,0.061017623735126834,0.061017623735126834,0.061017623735126834,0.05986270149141826,0.05986270149141826,0.05075915958223604,0.05075915958223604,0.04963655619390023,0.04963655619390023,0.04963655619390023,0.04963655619390023,0.0471036147555329,0.0471036147555329
8,0.06193307367392821,0.06193307367392821,0.05964817462469497,0.05964817462469497,0.05964817462469497,0.05964817462469497,0.05955939580208149,0.05955939580208149,0.05955939580208149,0.05955939580208149,0.05955939580208149,0.05955939580208149,0.05847307345832972,0.05847307345832972,0.050146162187934495,0.050146162187934495,0.04876525838015888,0.04876525838015888,0.04876525838015888,0.04876525838015888,0.046448355066124374,0.046448355066124374
9,0.0638773027823506,0.0638773027823506,0.06229347588388367,0.06229347588388367,0.06229347588388367,0.06229347588388367,0.061508667039319204,0.061508667039319204,0.061508667039319204,0.061508667039319204,0.061508667039319204,0.061508667039319204,0.060425701847839415,0.060425701847839415,0.05178920188702632,0.05178920188702632,0.050778681739691765,0.050778681739691765,0.050778681739691765,0.050778681739691765,0.04851535122230442,0.04851535122230442
10,0.061495507670313206,0.061495507670313206,0.05931326783410817,0.05931326783410817,0.05931326783410817,0.05931326783410817,0.0589863445257334,0.0589863445257334,0.0589863445257334,0.0589863445257334,0.0589863445257334,0.0589863445257334,0.057662718840599377,0.057662718840599377,0.04923500742591015,0.04923500742591015,0.04826062393273311,0.04826062393273311,0.04826062393273311,0.04826062393273311,0.045418356265460105,0.045418356265460105
11,0.06062476717032645,0.06062476717032645,0.05762248432833787,0.05762248432833787,0.05762248432833787,0.05762248432833787,0.05854467850364459,0.05854467850364459,0.05854467850364459,0.05854467850364459,0.05854467850364459,0.05854467850364459,0.057758752563922586,0.057758752563922586,0.04831358874888836,0.04831358874888836,0.04732408820878937,0.04732408820878937,0.04732408820878937,0.04732408820878937,0.04588050436011842,0.04588050436011842
12,0.06001780128923172,0.06001780128923172,0.05781917073508584,0.05781917073508584,0.05781917073508584,0.05781917073508584,0.05760310322251809,0.05760310322251809,0.05760310322251809,0.05760310322251809,0.05760310322251809,0.05760310322251809,0.05670080750072909,0.05670080750072909,0.04824273047535545,0.04824273047535545,0.04660197598903794,0.04660197598903794,0.04660197598903794,0.04660197598903794,0.04515954324463709,0.04515954324463709
13,0.05986825279200124,0.05986825279200124,0.05924077849277568,0.05924077849277568,0.05924077849277568,0.05924077849277568,0.0582048816926552,0.0582048816926552,0.0582048816926552,0.0582048816926552,0.0582048816926552,0.0582048816926552,0.05675589633297422,0.05675589633297422,0.049129010132435,0.049129010132435,0.04735385090717116,0.04735385090717116,0.04735385090717116,0.04735385090717116,0.045289602457819364,0.045289602457819364
14,0.059207633119290545,0.059207633119290545,0.059957448384493996,0.059957448384493996,0.059957448384493996,0.059957448384493996,0.057730093213281146,0.057730093213281146,0.057730093213281146,0.057730093213281146,0.057730093213281146,0.057730093213281146,0.0570351573145617,0.0570351573145617,0.047994100834503915,0.047994100834503915,0.04684096117567953,0.04684096117567953,0.04684096117567953,0.04684096117567953,0.04459622313554056,0.04459622313554056
15,0.05911290916221721,0.05911290916221721,0.05777301231292839,0.05777301231292839,0.05777301231292839,0.05777301231292839,0.057095164778375854,0.057095164778375854,0.057095164778375854,0.057095164778375854,0.057095164778375854,0.057095164778375854,0.05610042978335407,0.05610042978335407,0.04778386622347692,0.04778386622347692,0.04677089168450843,0.04677089168450843,0.04677089168450843,0.04677089168450843,0.04429315389993201,0.04429315389993201
16,0.05817613892881688,0.05817613892881688,0.056897966683334814,0.056897966683334814,0.056897966683334814,0.056897966683334814,0.055939602921649775,0.055939602921649775,0.055939602921649775,0.055939602921649775,0.055939602921649775,0.055939602921649775,0.055334096188029994,0.055334096188029994,0.04740306798888792,0.04740306798888792,0.04569119335216749,0.04569119335216749,0.04569119335216749,0.04569119335216749,0.04418561329433946,0.04418561329433946
17,0.057124198188606666,0.057124198188606666,0.05629579786349801,0.05629579786349801,0.05629579786349801,0.05629579786349801,0.0553935852523343,0.0553935852523343,0.0553935852523343,0.0553935852523343,0.0553935852523343,0.0553935852523343,0.054677273914855114,0.054677273914855114,0.045400802782180644,0.045400802782180644,0.04528505839362919,0.04528505839362919,0.04528505839362919,0.04528505839362919,0.042943406587478375,0.042943406587478375
18,0.057377635804224905,0.057377635804224905,0.056833229271509064,0.056833229271509064,0.056833229271509064,0.056833229271509064,0.056019730044204824,0.056019730044204824,0.056019730044204824,0.056019730044204824,0.056019730044204824,0.056019730044204824,0.05501834980367072,0.05501834980367072,0.04680468110175491,0.04680468110175491,0.04535909061741247,0.04535909061741247,0.04535909061741247,0.04535909061741247,0.04402691260358191,0.04402691260358191
19,0.05711708560524124,0.05711708560524124,0.05547302248448239,0.05547302248448239,0.05547302248448239,0.05547302248448239,0.055715037020361374,0.055715037020361374,0.055715037020361374,0.055715037020361374,0.055715037020361374,0.055715037020361374,0.054625699710823164,0.054625699710823164,0.045820973141661704,0.045820973141661704,0.04535536630806823,0.04535536630806823,0.04535536630806823,0.04535536630806823,0.04355174125383882,0.04355174125383882
20,0.05736808564664008,0.05736808564664008,0.05766013637993029,0.05766013637993029,0.05766013637993029,0.05766013637993029,0.05518859384672802,0.05518859384672802,0.05518859384672802,0.05518859384672802,0.05518859384672802,0.05518859384672802,0.054522460148177215,0.054522460148177215,0.0472198106882234,0.0472198106882234,0.04536808246365862,0.04536808246365862,0.04536808246365862,0.04536808246365862,0.043677666827870776,0.043677666827870776
21,0.05517158975465477,0.05517158975465477,0.05317494139163292,0.05317494139163292,0.05317494139163292,0.05317494139163292,0.0538236753294105,0.0538236753294105,0.0538236753294105,0.0538236753294105,0.0538236753294105,0.0538236753294105,0.05311141480552617,0.05311141480552617,0.045560030477624254,0.045560030477624254,0.04329704731077967,0.04329704731077967,0.04329704731077967,0.04329704731077967,0.04258192393277565,0.04258192393277565
22,0.054596977622127875,0.054596977622127875,0.052087347263191586,0.052087347263191586,0.052087347263191586,0.052087347263191586,0.052715367893496526,0.052715367893496526,0.052715367893496526,0.052715367893496526,0.052715367893496526,0.052715367893496526,0.05220347965501749,0.05220347965501749,0.044975472089517035,0.044975472089517035,0.04319465313423605,0.04319465313423605,0.04319465313423605,0.04319465313423605,0.041340552229886834,0.041340552229886834
23,0.054594795451397254,0.054594795451397254,0.054020483620748926,0.054020483620748926,0.054020483620748926,0.054020483620748926,0.05308879958984544,0.05308879958984544,0.05308879958984544,0.05308879958984544,0.05308879958984544,0.05308879958984544,0.05248977200787978,0.05248977200787978,0.04469087216390585,0.04469087216390585,0.04393657049209486,0.04393657049209486,0.04393657049209486,0.04393657049209486,0.04241083327533094,0.04241083327533094
24,0.05454056865717305,0.05454056865717305,0.05405872548007772,0.05405872548007772,0.05405872548007772,0.05405872548007772,0.05319422394246634,0.05319422394246634,0.05319422394246634,0.05319422394246634,0.05319422394246634,0.05319422394246634,0.051993188125501,0.051993188125501,0.04479635177923923,0.04479635177923923,0.0439784283205204,0.0439784283205204,0.0439784283205204,0.0439784283205204,0.042622460813299984,0.042622460813299984
25,0.05351440189970525,0.05351440189970525,0.053176523901045734,0.053176523901045734,0.053176523901045734,0.053176523901045734,0.0525083671282699,0.0525083671282699,0.0525083671282699,0.0525083671282699,0.0525083671282699,0.0525083671282699,0.05216551894258975,0.05216551894258975,0.04288812632031037,0.04288812632031037,0.04329495060788751,0.04329495060788751,0.04329495060788751,0.04329495060788751,0.04152628552382149,0.04152628552382149
26,0.052645205619574115,0.052645205619574115,0.05251324149632539,0.05251324149632539,0.05251324149632539,0.05251324149632539,0.05207692591425017,0.05207692591425017,0.05207692591425017,0.05207692591425017,0.05207692591425017,0.05207692591425017,0.05162816292689501,0.05162816292689501,0.04423665862413101,0.04423665862413101,0.042402703968649945,0.042402703968649945,0.042402703968649945,0.042402703968649945,0.04111795097728936,0.04111795097728936
27,0.051259016164513005,0.051259016164513005,0.050041036245453474,0.050041036245453474,0.050041036245453474,0.050041036245453474,0.05053845257664643,0.05053845257664643,0.05053845257664643,0.05053845257664643,0.05053845257664643,0.05053845257664643,0.050299302798696245,0.050299302798696245,0.04388810394593769,0.04388810394593769,0.0418704831756994,0.0418704831756994,0.0418704831756994,0.0418704831756994,0.0412115069761553,0.0412115069761553
28,0.05122381200737063,0.05122381200737063,0.05107308985569993,0.05107308985569993,0.05107308985569993,0.05107308985569993,0.0502280078307687,0.0502280078307687,0.0502280078307687,0.0502280078307687,0.0502280078307687,0.0502280078307687,0.04958642783727504,0.04958642783727504,0.04320666351886484,0.04320666351886484,0.04060241439042659,0.04060241439042659,0.04060241439042659,0.04060241439042659,0.03998014024433785,0.03998014024433785
29,0.05135128003102704,0.05135128003102704,0.05046013279967559,0.05046013279967559,0.05046013279967559,0.05046013279967559,0.05076157625405791,0.05076157625405791,0.05076157625405791,0.05076157625405791,0.05076157625405791,0.05076157625405791,0.049959648262564674,0.049959648262564674,0.04303169208394299,0.04303169208394299,0.040814148682049946,0.040814148682049946,0.040814148682049946,0.040814148682049946,0.03960279576756298,0.03960279576756298
30,0.05040300827560502,0.05040300827560502,0.050905518433397454,0.050905518433397454,0.050905518433397454,0.050905518433397454,0.04976725632717233,0.04976725632717233,0.04976725632717233,0.04976725632717233,0.04976725632717233,0.04976725632717233,0.049899916117425336,0.049899916117425336,0.042414856602356735,0.042414856602356735,0.04008709109857969,0.04008709109857969,0.04008709109857969,0.04008709109857969,0.039984756868725706,0.039984756868725706
31,0.05047913629358529,0.05047913629358529,0.04986950625837144,0.04986950625837144,0.04986950625837144,0.04986950625837144,0.050242110697031064,0.050242110697031064,0.050242110697031064,0.050242110697031064,0.050242110697031064,0.050242110697031064,0.050450993560969645,0.050450993560969645,0.042213256773736704,0.042213256773736704,0.04052492393012727,0.04052492393012727,0.04052492393012727,0.04052492393012727,0.04098468188701164,0.04098468188701164
32,0.049180336955008605,0.049180336955008605,0.04852508792756264,0.04852508792756264,0.04852508792756264,0.04852508792756264,0.04937652260826063,0.04937652260826063,0.04937652260826063,0.04937652260826063,0.04937652260826063,0.04937652260826063,0.04883769953966723,0.04883769953966723,0.04213929314463718,0.04213929314463718,0.03995529570803316,0.03995529570803316,0.03995529570803316,0.03995529570803316,0.04033981575208087,0.04033981575208087
33,0.0500570067806134,0.0500570067806134,0.0499925579245966,0.0499925579245966,0.0499925579245966,0.0499925579245966,0.04906033493023825,0.04906033493023825,0.04906033493023825,0.04906033493023825,0.04906033493023825,0.04906033493023825,0.04952395643337479,0.04952395643337479,0.04242244530394507,0.04242244530394507,0.040490166015703294,0.040490166015703294,0.040490166015703294,0.040490166015703294,0.04012464080116564,0.04012464080116564
34,0.04901644862447329,0.04901644862447329,0.04751683092253831,0.04751683092253831,0.04751683092253831,0.04751683092253831,0.049237848535547794,0.049237848535547794,0.049237848535547794,0.049237848535547794,0.049237848535547794,0.049237848535547794,0.047904952722297355,0.047904952722297355,0.04092615242108526,0.04092615242108526,0.03977040058787784,0.03977040058787784,0.03977040058787784,0.03977040058787784,0.039850172600771575,0.039850172600771575
35,0.05009465498246574,0.05009465498246574,0.049211400609937256,0.049211400609937256,0.049211400609937256,0.049211400609937256,0.04989298704217135,0.04989298704217135,0.04989298704217135,0.04989298704217135,0.04989298704217135,0.04989298704217135,0.049179438821766196,0.049179438821766196,0.04242110820296537,0.04242110820296537,0.039760264803388526,0.039760264803388526,0.039760264803388526,0.039760264803388526,0.04064936850579999,0.04064936850579999
36,0.048660487128206524,0.048660487128206524,0.04927690697835863,0.04927690697835863,0.04927690697835863,0.04927690697835863,0.04844184757948642,0.04844184757948642,0.04844184757948642,0.04844184757948642,0.04844184757948642,0.04844184757948642,0.049162914900627006,0.049162914900627006,0.04201839066465493,0.04201839066465493,0.038985685686130554,0.038985685686130554,0.038985685686130554,0.038985685686130554,0.03949226984962777,0.03949226984962777
37,0.047320927195209785,0.047320927195209785,0.046044458856766765,0.046044458856766765,0.046044458856766765,0.046044458856766765,0.0478367889099028,0.0478367889099028,0.0478367889099028,0.0478367889099028,0.0478367889099028,0.0478367889099028,0.04754803397028495,0.04754803397028495,0.040895545108946836,0.040895545108946836,0.038471030347219784,0.038471030347219784,0.038471030347219784,0.038471030347219784,0.038643310872137376,0.038643310872137376
38,0.047303967309640704,0.047303967309640704,0.047467523073287124,0.047467523073287124,0.047467523073287124,0.047467523073287124,0.04704839599296989,0.04704839599296989,0.04704839599296989,0.04704839599296989,0.04704839599296989,0.04704839599296989,0.04703650185836668,0.04703650185836668,0.040966206879802125,0.040966206879802125,0.03722516567578715,0.03722516567578715,0.03722516567578715,0.03722516567578715,0.038412138607918096,0.038412138607918096
39,0.046963717701736934,0.046963717701736934,0.04852472786300949,0.04852472786300949,0.04852472786300949,0.04852472786300949,0.048432507205416885,0.048432507205416885,0.048432507205416885,0.048432507205416885,0.048432507205416885,0.048432507205416885,0.047075572628157855,0.047075572628157855,0.042188792971657965,0.042188792971657965,0.03898358748219642,0.03898358748219642,0.03898358748219642,0.03898358748219642,0.038525522740457945,0.038525522740457945
40,0.046256791925655585,0.046256791925655585,0.04557159418437818,0.04557159418437818,0.04557159418437818,0.04557159418437818,0.04868849591886479,0.04868849591886479,0.04868849591886479,0.04868849591886479,0.04868849591886479,0.04868849591886479,0.04695238953554513,0.04695238953554513,0.04036818906791167,0.04036818906791167,0.038019864345396566,0.038019864345396566,0.038019864345396566,0.038019864345396566,0.03830713171059533,0.03830713171059533
41,0.046251188143964055,0.046251188143964055,0.047961715136585446,0.047961715136585446,0.047961715136585446,0.047961715136585446,0.047532428209868235,0.047532428209868235,0.047532428209868235,0.047532428209868235,0.047532428209868235,0.047532428209868235,0.04681101604821477,0.04681101604821477,0.04022790162708334,0.04022790162708334,0.038423478091277156,0.038423478091277156,0.038423478091277156,0.038423478091277156,0.038827248792558555,0.038827248792558555
42,0.046089065921155484,0.046089065921155484,0.04647489166443656,0.04647489166443656,0.04647489166443656,0.04647489166443656,0.047448087134489884,0.047448087134489884,0.047448087134489884,0.047448087134489884,0.047448087134489884,0.047448087134489884,0.04742635234172839,0.04742635234172839,0.041080301030252724,0.041080301030252724,0.037514589455684554,0.037514589455684554,0.037514589455684554,0.037514589455684554,0.038136281205337644,0.038136281205337644
43,0.0443240960555455,0.0443240960555455,0.04466326231965322,0.04466326231965322,0.04466326231965322,0.04466326231965322,0.0449956668453052,0.0449956668453052,0.0449956668453052,0.0449956668453052,0.0449956668453052,0.0449956668453052,0.04618070812720681,0.04618070812720681,0.039037115040833216,0.039037115040833216,0.03569774166695691,0.03569774166695691,0.03569774166695691,0.03569774166695691,0.037296930460085455,0.037296930460085455
44,0.04326909872081911,0.04326909872081911,0.04239737400117854,0.04239737400117854,0.04239737400117854,0.04239737400117854,0.0443035464970578,0.0443035464970578,0.0443035464970578,0.0443035464970578,0.0443035464970578,0.0443035464970578,0.04420594169881761,0.04420594169881761,0.039660009667582194,0.039660009667582194,0.03577122291541119,0.03577122291541119,0.03577122291541119,0.03577122291541119,0.03685987461095647,0.03685987461095647
45,0.04320850475193223,0.04320850475193223,0.043364374562891994,0.043364374562891994,0.043364374562891994,0.043364374562891994,0.04473161745520519,0.04473161745520519,0.04473161745520519,0.04473161745520519,0.04473161745520519,0.04473161745520519,0.04541745897170753,0.04541745897170753,0.03877931960784873,0.03877931960784873,0.03552279885262255,0.03552279885262255,0.03552279885262255,0.03552279885262255,0.03637045612573036,0.03637045612573036
46,0.04327615220370232,0.04327615220370232,0.04424535788911208,0.04424535788911208,0.04424535788911208,0.04424535788911208,0.044517218460077224,0.044517218460077224,0.044517218460077224,0.044517218460077224,0.044517218460077224,0.044517218460077224,0.04412942369723336,0.04412942369723336,0.03775529989641127,0.03775529989641127,0.03446345484136754,0.03446345484136754,0.03446345484136754,0.03446345484136754,0.03640901021330425,0.03640901021330425
47,0.04264186676954296,0.04264186676954296,0.0461913760711697,0.0461913760711697,0.0461913760711697,0.0461913760711697,0.043953545472656896,0.043953545472656896,0.043953545472656896,0.043953545472656896,0.043953545472656896,0.043953545472656896,0.04337693637550809,0.04337693637550809,0.03779861489146231,0.03779861489146231,0.03426262472157876,0.03426262472157876,0.03426262472157876,0.03426262472157876,0.036254541860785805,0.036254541860785805
48,0.04170833509075468,0.04170833509075468,0.04391369004557238,0.04391369004557238,0.04391369004557238,0.04391369004557238,0.043410991157657744,0.043410991157657744,0.043410991157657744,0.043410991157657744,0.043410991157657744,0.043410991157657744,0.042685710359963346,0.042685710359963346,0.03833744778953638,0.03833744778953638,0.03439252614830382,0.03439252614830382,0.03439252614830382,0.03439252614830382,0.035988474125231845,0.035988474125231845
49,0.04048787586346933,0.04048787586346933,0.04598500264916046,0.04598500264916046,0.04598500264916046,0.04598500264916046,0.04191641480467804,0.04191641480467804,0.04191641480467804,0.04191641480467804,0.04191641480467804,0.04191641480467804,0.04210675842950367,0.04210675842950367,0.036524149261423736,0.036524149261423736,0.03331986855935501,0.03331986855935501,0.03331986855935501,0.03331986855935501,0.03501524228013164,0.03501524228013164
50,0.039694402502100094,0.039694402502100094,0.04320629681941465,0.04320629681941465,0.04320629681941465,0.04320629681941465,0.041477403271514106,0.041477403271514106,0.041477403271514106,0.041477403271514106,0.041477403271514106,0.041477403271514106,0.043105436676742,0.043105436676742,0.03723356300778923,0.03723356300778923,0.03297537942890376,0.03297537942890376,0.03297537942890376,0.03297537942890376,0.03431687670649659,0.03431687670649659
51,0.03952568658406496,0.03952568658406496,0.04244888481405174,0.04244888481405174,0.04244888481405174,0.04244888481405174,0.04114510259913246,0.04114510259913246,0.04114510259913246,0.04114510259913246,0.04114510259913246,0.04114510259913246,0.03972870108545436,0.03972870108545436,0.03385798286369229,0.03385798286369229,0.032154217454795714,0.032154217454795714,0.032154217454795714,0.032154217454795714,0.03331058835423012,0.03331058835423012
52,0.037915553306341415,0.037915553306341415,0.040429448880725735,0.040429448880725735,0.040429448880725735,0.040429448880725735,0.0400730420488776,0.0400730420488776,0.0400730420488776,0.0400730420488776,0.0400730420488776,0.0400730420488776,0.03947191473581467,0.03947191473581467,0.03446424119369549,0.03446424119369549,0.03122402583539023,0.03122402583539023,0.03122402583539023,0.03122402583539023,0.03353782758762594,0.03353782758762594
53,0.038156625152212284,0.038156625152212284,0.040633946893815186,0.040633946893815186,0.040633946893815186,0.040633946893815186,0.04041689379453687,0.04041689379453687,0.04041689379453687,0.04041689379453687,0.04041689379453687,0.04041689379453687,0.04018678999695184,0.04018678999695184,0.03472113310934802,0.03472113310934802,0.03194408499492786,0.03194408499492786,0.03194408499492786,0.03194408499492786,0.03235329186308698,0.03235329186308698
54,0.03857875937084056,0.03857875937084056,0.04198773999712338,0.04198773999712338,0.04198773999712338,0.04198773999712338,0.039596238882095125,0.039596238882095125,0.039596238882095125,0.039596238882095125,0.039596238882095125,0.039596238882095125,0.038826213113975126,0.038826213113975126,0.03304056410647172,0.03304056410647172,0.031372681714161015,0.031372681714161015,0.031372681714161015,0.031372681714161015,0.03260354838067045,0.03260354838067045
55,0.037488649143506234,0.037488649143506234,0.03879199353893788,0.03879199353893788,0.03879199353893788,0.03879199353893788,0.037981807574294556,0.037981807574294556,0.037981807574294556,0.037981807574294556,0.037981807574294556,0.037981807574294556,0.03867535919649064,0.03867535919649064,0.03049452781925613,0.03049452781925613,0.03044407343364355,0.03044407343364355,0.03044407343364355,0.03044407343364355,0.03213830703646037,0.03213830703646037
56,0.036576760222395845,0.036576760222395845,0.0389473642426925,0.0389473642426925,0.0389473642426925,0.0389473642426925,0.038897514845067,0.038897514845067,0.038897514845067,0.038897514845067,0.038897514845067,0.038897514845067,0.03828155265815991,0.03828155265815991,0.03257337971715836,0.03257337971715836,0.030950166315444592,0.030950166315444592,0.030950166315444592,0.030950166315444592,0.031835052464243035,0.031835052464243035
57,0.036635742423435744,0.036635742423435744,0.03832348317775893,0.03832348317775893,0.03832348317775893,0.03832348317775893,0.03806061374108744,0.03806061374108744,0.03806061374108744,0.03806061374108744,0.03806061374108744,0.03806061374108744,0.036988039336460436,0.036988039336460436,0.03408005115420117,0.03408005115420117,0.03016821283239351,0.03016821283239351,0.03016821283239351,0.03016821283239351,0.03145922215074183,0.03145922215074183
58,0.03569230693163345,0.03569230693163345,0.03755763778864265,0.03755763778864265,0.03755763778864265,0.03755763778864265,0.036467100994530245,0.036467100994530245,0.036467100994530245,0.036467100994530245,0.036467100994530245,0.036467100994530245,0.036348111924792835,0.036348111924792835,0.031853764050533966,0.031853764050533966,0.029878731092154998,0.029878731092154998,0.029878731092154998,0.029878731092154998,0.030302397080181207,0.030302397080181207
59,0.035409509078570614,0.035409509078570614,0.03780086528701161,0.03780086528701161,0.03780086528701161,0.03780086528701161,0.03746549078384005,0.03746549078384005,0.03746549078384005,0.03746549078384005,0.03746549078384005,0.03746549078384005,0.03641113863342901,0.03641113863342901,0.031097866957447942,0.031097866957447942,0.03025290011329055,0.03025290011329055,0.03025290011329055,0.03025290011329055,0.030451220309362446,0.030451220309362446
60,0.03532967659394002,0.03532967659394002,0.03709946390610687,0.03709946390610687,0.03709946390610687,0.03709946390610687,0.03561033235226494,0.03561033235226494,0.03561033235226494,0.03561033235226494,0.03561033235226494,0.03561033235226494,0.03609058325216306,0.03609058325216306,0.032445620568917734,0.032445620568917734,0.029060522891990983,0.029060522891990983,0.029060522891990983,0.029060522891990983,0.02923865041781779,0.02923865041781779
61,0.03423317450376581,0.03423317450376581,0.032993038682425216,0.032993038682425216,0.032993038682425216,0.032993038682425216,0.03596106542221585,0.03596106542221585,0.03596106542221585,0.03596106542221585,0.03596106542221585,0.03596106542221585,0.03496542570719854,0.03496542570719854,0.03171627582686,0.03171627582686,0.029054309161745076,0.029054309161745076,0.029054309161745076,0.029054309161745076,0.02993491917496299,0.02993491917496299
62,0.0341743156242409,0.0341743156242409,0.03306687275008437,0.03306687275008437,0.03306687275008437,0.03306687275008437,0.034526891073641194,0.034526891073641194,0.034526891073641194,0.034526891073641194,0.034526891073641194,0.034526891073641194,0.03398375518136858,0.03398375518136858,0.029967938737884222,0.029967938737884222,0.028692341561374873,0.028692341561374873,0.028692341561374873,0.028692341561374873,0.028790663779878482,0.028790663779878482
63,0.033230141232311036,0.033230141232311036,0.03623031339119796,0.03623031339119796,0.03623031339119796,0.03623031339119796,0.034543928705905294,0.034543928705905294,0.034543928705905294,0.034543928705905294,0.034543928705905294,0.034543928705905294,0.03367622258042256,0.03367622258042256,0.02962759780264407,0.02962759780264407,0.028272300607348717,0.028272300607348717,0.028272300607348717,0.028272300607348717,0.028042024727239635,0.028042024727239635
64,0.03330836859713359,0.03330836859713359,0.03530645078684379,0.03530645078684379,0.03530645078684379,0.03530645078684379,0.034289368451005234,0.034289368451005234,0.034289368451005234,0.034289368451005234,0.034289368451005234,0.034289368451005234,0.03279300343367769,0.03279300343367769,0.029126536083065355,0.029126536083065355,0.028946409556069433,0.028946409556069433,0.028946409556069433,0.028946409556069433,0.028812084399666052,0.028812084399666052
65,0.03272449778023343,0.03272449778023343,0.033809997153133216,0.033809997153133216,0.033809997153133216,0.033809997153133216,0.03293367886473262,0.03293367886473262,0.03293367886473262,0.03293367886473262,0.03293367886473262,0.03293367886473262,0.03154890282799423,0.03154890282799423,0.030004691897061158,0.030004691897061158,0.028022687206488633,0.028022687206488633,0.028022687206488633,0.028022687206488633,0.027638090951172374,0.027638090951172374
66,0.03188797733274804,0.03188797733274804,0.03345798876988584,0.03345798876988584,0.03345798876988584,0.03345798876988584,0.03211537345661925,0.03211537345661925,0.03211537345661925,0.03211537345661925,0.03211537345661925,0.03211537345661925,0.030255394608556082,0.030255394608556082,0.02754432904564986,0.02754432904564986,0.027601006826865095,0.027601006826865095,0.027601006826865095,0.027601006826865095,0.025794287315881823,0.025794287315881823
67,0.03200061443112195,0.03200061443112195,0.03416679697942784,0.03416679697942784,0.03416679697942784,0.03416679697942784,0.032151505506905605,0.032151505506905605,0.032151505506905605,0.032151505506905605,0.032151505506905605,0.032151505506905605,0.03204086456462034,0.03204086456462034,0.029495374988064503,0.029495374988064503,0.02892204881119927,0.02892204881119927,0.02892204881119927,0.02892204881119927,0.027691677006334778,0.027691677006334778
68,0.03133306732204213,0.03133306732204213,0.03368990184745381,0.03368990184745381,0.03368990184745381,0.03368990184745381,0.03249510720621153,0.03249510720621153,0.03249510720621153,0.03249510720621153,0.03249510720621153,0.03249510720621153,0.03198595725435867,0.03198595725435867,0.02770583367789341,0.02770583367789341,0.028360849963904394,0.028360849963904394,0.028360849963904394,0.028360849963904394,0.027781413448854413,0.027781413448854413
69,0.03206605317590888,0.03206605317590888,0.03239657950299061,0.03239657950299061,0.03239657950299061,0.03239657950299061,0.0326602467060348,0.0326602467060348,0.0326602467060348,0.0326602467060348,0.0326602467060348,0.0326602467060348,0.0321872512915685,0.0321872512915685,0.02701100446045596,0.02701100446045596,0.027701262826237395,0.027701262826237395,0.027701262826237395,0.027701262826237395,0.02665333982906999,0.02665333982906999
70,0.030948446210227704,0.030948446210227704,0.032929127973387574,0.032929127973387574,0.032929127973387574,0.032929127973387574,0.032194101084777015,0.032194101084777015,0.032194101084777015,0.032194101084777015,0.032194101084777015,0.032194101084777015,0.03072714803651642,0.03072714803651642,0.027146111228785158,0.027146111228785158,0.02727243210164713,0.02727243210164713,0.02727243210164713,0.02727243210164713,0.025494823358535493,0.025494823358535493
71,0.031244935138743955,0.031244935138743955,0.03224979598863622,0.03224979598863622,0.03224979598863622,0.03224979598863622,0.03143040245936455,0.03143040245936455,0.03143040245936455,0.03143040245936455,0.03143040245936455,0.03143040245936455,0.030611777912690458,0.030611777912690458,0.028142840720465457,0.028142840720465457,0.027295577997766197,0.027295577997766197,0.027295577997766197,0.027295577997766197,0.026731995262025552,0.026731995262025552
72,0.030414135354354815,0.030414135354354815,0.030866889485609873,0.030866889485609873,0.030866889485609873,0.030866889485609873,0.031236288855362566,0.031236288855362566,0.031236288855362566,0.031236288855362566,0.031236288855362566,0.031236288855362566,0.030108145561257748,0.030108145561257748,0.02728578951725024,0.02728578951725024,0.027387771201156316,0.027387771201156316,0.027387771201156316,0.027387771201156316,0.026045716789485796,0.026045716789485796
73,0.030390338114150223,0.030390338114150223,0.02994942428712874,0.02994942428712874,0.02994942428712874,0.02994942428712874,0.03051897193176917,0.03051897193176917,0.03051897193176917,0.03051897193176917,0.03051897193176917,0.03051897193176917,0.029414124350454866,0.029414124350454866,0.02826127972918536,0.02826127972918536,0.026790951211194264,0.026790951211194264,0.026790951211194264,0.026790951211194264,0.025799944506198873,0.025799944506198873
74,0.029975287635219706,0.029975287635219706,0.032816390790023506,0.032816390790023506,0.032816390790023506,0.032816390790023506,0.03011866694254269,0.03011866694254269,0.03011866694254269,0.03011866694254269,0.03011866694254269,0.03011866694254269,0.030422446685680185,0.030422446685680185,0.025618458629774597,0.025618458629774597,0.02593212889247994,0.02593212889247994,0.02593212889247994,0.02593212889247994,0.024752142155356063,0.024752142155356063
75,0.029820412973055196,0.029820412973055196,0.03212184750522124,0.03212184750522124,0.03212184750522124,0.03212184750522124,0.02992909471495977,0.02992909471495977,0.02992909471495977,0.02992909471495977,0.02992909471495977,0.02992909471495977,0.03032910146890437,0.03032910146890437,0.026965091276789355,0.026965091276789355,0.026454655947933923,0.026454655947933923,0.026454655947933923,0.026454655947933923,0.02475753485027986,0.02475753485027986
76,0.02988872046792593,0.02988872046792593,0.03144744886774355,0.03144744886774355,0.03144744886774355,0.03144744886774355,0.03068179660111877,0.03068179660111877,0.03068179660111877,0.03068179660111877,0.03068179660111877,0.03068179660111877,0.029602783215008047,0.029602783215008047,0.02598902500317451,0.02598902500317451,0.026894244112157698,0.026894244112157698,0.026894244112157698,0.026894244112157698,0.02449760119820833,0.02449760119820833
77,0.029492435792890452,0.029492435792890452,0.028942336744960988,0.028942336744960988,0.028942336744960988,0.028942336744960988,0.030726946350151756,0.030726946350151756,0.030726946350151756,0.030726946350151756,0.030726946350151756,0.030726946350151756,0.030325960432024058,0.030325960432024058,0.026233385711407306,0.026233385711407306,0.026940924950941275,0.026940924950941275,0.026940924950941275,0.026940924950941275,0.025479785317817537,0.025479785317817537
78,0.028975671240071815,0.028975671240071815,0.033409717854642855,0.033409717854642855,0.033409717854642855,0.033409717854642855,0.029373933075437186,0.029373933075437186,0.029373933075437186,0.029373933075437186,0.029373933075437186,0.029373933075437186,0.028645386869652064,0.028645386869652064,0.025803656960923495,0.025803656960923495,0.026276086222418893,0.026276086222418893,0.026276086222418893,0.026276086222418893,0.02464097543425458,0.02464097543425458
79,0.02853237523280077,0.02853237523280077,0.03113485189819679,0.03113485189819679,0.03113485189819679,0.03113485189819679,0.02900783390209802,0.02900783390209802,0.02900783390209802,0.02900783390209802,0.02900783390209802,0.02900783390209802,0.028041239666886465,0.028041239666886465,0.02544755334899618,0.02544755334899618,0.025701164095044336,0.025701164095044336,0.025701164095044336,0.025701164095044336,0.023793239805279677,0.023793239805279677
80,0.02873453467363639,0.02873453467363639,0.029787688503328358,0.029787688503328358,0.029787688503328358,0.029787688503328358,0.028957204728674444,0.028957204728674444,0.028957204728674444,0.028957204728674444,0.028957204728674444,0.028957204728674444,0.0285270561285305,0.0285270561285305,0.025206817076663664,0.025206817076663664,0.02513976401600647,0.02513976401600647,0.02513976401600647,0.02513976401600647,0.024443099940164994,0.024443099940164994
81,0.02943280334591107,0.02943280334591107,0.033064533720802786,0.033064533720802786,0.033064533720802786,0.033064533720802786,0.029306292205404857,0.029306292205404857,0.029306292205404857,0.029306292205404857,0.029306292205404857,0.029306292205404857,0.02845017497583605,0.02845017497583605,0.025750064455557026,0.025750064455557026,0.02673507203633665,0.02673507203633665,0.02673507203633665,0.02673507203633665,0.02471940697894102,0.02471940697894102
82,0.027808713153135874,0.027808713153135874,0.028584006210604765,0.028584006210604765,0.028584006210604765,0.028584006210604765,0.027650179351488755,0.027650179351488755,0.027650179351488755,0.027650179351488755,0.027650179351488755,0.027650179351488755,0.028138108144230883,0.028138108144230883,0.02391431581633647,0.02391431581633647,0.02509907911544203,0.02509907911544203,0.02509907911544203,0.02509907911544203,0.02346661550952028,0.02346661550952028
83,0.027672047335761365,0.027672047335761365,0.03007615035265985,0.03007615035265985,0.03007615035265985,0.03007615035265985,0.027080405319211107,0.027080405319211107,0.027080405319211107,0.027080405319211107,0.027080405319211107,0.027080405319211107,0.028172725399312225,0.028172725399312225,0.024675606076328415,0.024675606076328415,0.025460391596489256,0.025460391596489256,0.025460391596489256,0.025460391596489256,0.02408139057709895,0.02408139057709895
84,0.02666358458071683,0.02666358458071683,0.028579586607485805,0.028579586607485805,0.028579586607485805,0.028579586607485805,0.027493232992137913,0.027493232992137913,0.027493232992137913,0.027493232992137913,0.027493232992137913,0.027493232992137913,0.025918308989390113,0.025918308989390113,0.02399976847815685,0.02399976847815685,0.025366994454457743,0.025366994454457743,0.025366994454457743,0.025366994454457743,0.02321194361227183,0.02321194361227183
85,0.02650351561678782,0.02650351561678782,0.026277635812672208,0.026277635812672208,0.026277635812672208,0.026277635812672208,0.026378288602282793,0.026378288602282793,0.026378288602282793,0.026378288602282793,0.026378288602282793,0.026378288602282793,0.02584206770602803,0.02584206770602803,0.02330469291147762,0.02330469291147762,0.02430988721388853,0.02430988721388853,0.02430988721388853,0.02430988721388853,0.02242237463483695,0.02242237463483695
86,0.02556206856625675,0.02556206856625675,0.027464481160559086,0.027464481160559086,0.027464481160559086,0.027464481160559086,0.0251374466505409,0.0251374466505409,0.0251374466505409,0.0251374466505409,0.0251374466505409,0.0251374466505409,0.025353804749512095,0.025353804749512095,0.02309955257075248,0.02309955257075248,0.023504502577534697,0.023504502577534697,0.023504502577534697,0.023504502577534697,0.02141913591591428,0.02141913591591428
87,0.025379511322499593,0.025379511322499593,0.025756171326055653,0.025756171326055653,0.025756171326055653,0.025756171326055653,0.02524756537547889,0.02524756537547889,0.02524756537547889,0.02524756537547889,0.02524756537547889,0.02524756537547889,0.024699414217115485,0.024699414217115485,0.02211559003958544,0.02211559003958544,0.023567618269535802,0.023567618269535802,0.023567618269535802,0.023567618269535802,0.02153056383635571,0.02153056383635571
88,0.02435476050077459,0.02435476050077459,0.027335794164816088,0.027335794164816088,0.027335794164816088,0.027335794164816088,0.024128896138989275,0.024128896138989275,0.024128896138989275,0.024128896138989275,0.024128896138989275,0.024128896138989275,0.02455526192972376,0.02455526192972376,0.02174126419630773,0.02174126419630773,0.0221634467152551,0.0221634467152551,0.0221634467152551,0.0221634467152551,0.02069344401572685,0.02069344401572685
89,0.023747658444173907,0.023747658444173907,0.02554891017759602,0.02554891017759602,0.02554891017759602,0.02554891017759602,0.023918923740036246,0.023918923740036246,0.023918923740036246,0.023918923740036246,0.023918923740036246,0.023918923740036246,0.02284379090963686,0.02284379090963686,0.022173810602082344,0.022173810602082344,0.021721450805040097,0.021721450805040097,0.021721450805040097,0.021721450805040097,0.02076554193316724,0.02076554193316724
90,0.022724855631551865,0.022724855631551865,0.024027902924839,0.024027902924839,0.024027902924839,0.024027902924839,0.024107271268912676,0.024107271268912676,0.024107271268912676,0.024107271268912676,0.024107271268912676,0.024107271268912676,0.022603935148970446,0.022603935148970446,0.020643292556275426,0.020643292556275426,0.021646321439809813,0.021646321439809813,0.021646321439809813,0.021646321439809813,0.01904871545624396,0.01904871545624396
91,0.021765853643357425,0.021765853643357425,0.023201794123148208,0.023201794123148208,0.023201794123148208,0.023201794123148208,0.02269346268960776,0.02269346268960776,0.02269346268960776,0.02269346268960776,0.02269346268960776,0.02269346268960776,0.02231439873776091,0.02231439873776091,0.019791635675125468,0.019791635675125468,0.021045865399318273,0.021045865399318273,0.021045865399318273,0.021045865399318273,0.0188968135534652,0.0188968135534652
92,0.021287427260575285,0.021287427260575285,0.021780237416726897,0.021780237416726897,0.021780237416726897,0.021780237416726897,0.021159896665099653,0.021159896665099653,0.021159896665099653,0.021159896665099653,0.021159896665099653,0.021159896665099653,0.02080934613153708,0.02080934613153708,0.019113004984826373,0.019113004984826373,0.020203143872283308,0.020203143872283308,0.020203143872283308,0.020203143872283308,0.01779465698597642,0.01779465698597642
93,0.02112691372176298,0.02112691372176298,0.021328782383879183,0.021328782383879183,0.021328782383879183,0.021328782383879183,0.020392483199455656,0.020392483199455656,0.020392483199455656,0.020392483199455656,0.020392483199455656,0.020392483199455656,0.020589376509163357,0.020589376509163357,0.018640787502865533,0.018640787502865533,0.019807833166161797,0.019807833166161797,0.019807833166161797,0.019807833166161797,0.0175925614990714,0.0175925614990714
94,0.02006788292387522,0.02006788292387522,0.01955530431285212,0.01955530431285212,0.01955530431285212,0.01955530431285212,0.01982558565105034,0.01982558565105034,0.01982558565105034,0.01982558565105034,0.01982558565105034,0.01982558565105034,0.019733047760784453,0.019733047760784453,0.018820776135163707,0.018820776135163707,0.018541781084204904,0.018541781084204904,0.018541781084204904,0.018541781084204904,0.016256621386715457,0.016256621386715457
95,0.019308231636885786,0.019308231636885786,0.02189819969654047,0.02189819969654047,0.02189819969654047,0.02189819969654047,0.01827425839235288,0.01827425839235288,0.01827425839235288,0.01827425839235288,0.01827425839235288,0.01827425839235288,0.019432257219589272,0.019432257219589272,0.019086667832652587,0.019086667832652587,0.01748370672638746,0.01748370672638746,0.01748370672638746,0.01748370672638746,0.015587194442288402,0.015587194442288402
96,0.017211973541880164,0.017211973541880164,0.018389930345536574,0.018389930345536574,0.018389930345536574,0.018389930345536574,0.01688171733179946,0.01688171733179946,0.01688171733179946,0.01688171733179946,0.01688171733179946,0.01688171733179946,0.017043918482654838,0.017043918482654838,0.01541166125557101,0.01541166125557101,0.015808861395958163,0.015808861395958163,0.015808861395958163,0.015808861395958163,0.013642682484740511,0.013642682484740511
97,0.01693693812274092,0.01693693812274092,0.016281714600790823,0.016281714600790823,0.016281714600790823,0.016281714600790823,0.016672729188588923,0.016672729188588923,0.016672729188588923,0.016672729188588923,0.016672729188588923,0.016672729188588923,0.016582119162440914,0.016582119162440914,0.015169905530200143,0.015169905530200143,0.015818533235573515,0.015818533235573515,0.015818533235573515,0.015818533235573515,0.013623924247620847,0.013623924247620847
98,0.01561982251334948,0.01561982251334948,0.01472820391113514,0.01472820391113514,0.01472820391113514,0.01472820391113514,0.015576516278215847,0.015576516278215847,0.015576516278215847,0.015576516278215847,0.015576516278215847,0.015576516278215847,0.01574126570674003,0.01574126570674003,0.0129252674140313,0.0129252674140313,0.013366095734433411,0.013366095734433411,0.013366095734433411,0.013366095734433411,0.012035195028032691,0.012035195028032691
99,0.014759892809126568,0.014759892809126568,0.014533791221447783,0.014533791221447783,0.014533791221447783,0.014533791221447783,0.014472410373557796,0.014472410373557796,0.014472410373557796,0.014472410373557796,0.014472410373557796,0.014472410373557796,0.014225056288461504,0.014225056288461504,0.01250228266752354,0.01250228266752354,0.01326804157011695,0.01326804157011695,0.01326804157011695,0.01326804157011695,0.012140001099328307,0.012140001099328307
100,0.012795505348627518,0.012795505348627518,0.013687283694634155,0.013687283694634155,0.013687283694634155,0.013687283694634155,0.013302299265140845,0.013302299265140845,0.013302299265140845,0.013302299265140845,0.013302299265140845,0.013302299265140845,0.012574663067541441,0.012574663067541441,0.012214279361128469,0.012214279361128469,0.012421759286519772,0.012421759286519772,0.012421759286519772,0.012421759286519772,0.011142879305195785,0.011142879305195785
101,0.012636119772180834,0.012636119772180834,0.01476250701533689,0.01476250701533689,0.01476250701533689,0.01476250701533689,0.012343158361280183,0.012343158361280183,0.012343158361280183,0.012343158361280183,0.012343158361280183,0.012343158361280183,0.012775802864930177,0.012775802864930177,0.01220661133233977,0.01220661133233977,0.011527437702259453,0.011527437702259453,0.011527437702259453,0.011527437702259453,0.010629805972313066,0.010629805972313066
102,0.011288247830739123,0.011288247830739123,0.011350861026740803,0.011350861026740803,0.011350861026740803,0.011350861026740803,0.012714995078610316,0.012714995078610316,0.012714995078610316,0.012714995078610316,0.012714995078610316,0.012714995078610316,0.011441716607389714,0.011441716607389714,0.011528276319327967,0.011528276319327967,0.010383133815061805,0.010383133815061805,0.010383133815061805,0.010383133815061805,0.008695556685744659,0.008695556685744659
103,0.012504077335268038,0.012504077335268038,0.013975402525651088,0.013975402525651088,0.013975402525651088,0.013975402525651088,0.012394579511791482,0.012394579511791482,0.012394579511791482,0.012394579511791482,0.012394579511791482,0.012394579511791482,0.01247625119172129,0.01247625119172129,0.0124221053344301,0.0124221053344301,0.011830899023446424,0.011830899023446424,0.011830899023446424,0.011830899023446424,0.009655269446481355,0.009655269446481355
104,0.011382461092954268,0.011382461092954268,0.01161702028083517,0.01161702028083517,0.01161702028083517,0.01161702028083517,0.01121778918332531,0.01121778918332531,0.01121778918332531,0.01121778918332531,0.01121778918332531,0.01121778918332531,0.01061848215543171,0.01061848215543171,0.010080841335851158,0.010080841335851158,0.010980056870826213,0.010980056870826213,0.010980056870826213,0.010980056870826213,0.008895239978880639,0.008895239978880639
105,0.010126416039172843,0.010126416039172843,0.012490669091905438,0.012490669091905438,0.012490669091905438,0.012490669091905438,0.010320228573783495,0.010320228573783495,0.010320228573783495,0.010320228573783495,0.010320228573783495,0.010320228573783495,0.010295979157388481,0.010295979157388481,0.009474847154715008,0.009474847154715008,0.009356073898158908,0.009356073898158908,0.009356073898158908,0.009356073898158908,0.0076850416709064,0.0076850416709064
106,0.011132531547490774,0.011132531547490774,0.00980356354053855,0.00980356354053855,0.00980356354053855,0.00980356354053855,0.010567170632202713,0.010567170632202713,0.010567170632202713,0.010567170632202713,0.010567170632202713,0.010567170632202713,0.010442666113690225,0.010442666113690225,0.011034054510066836,0.011034054510066836,0.009864900697198664,0.009864900697198664,0.009864900697198664,0.009864900697198664,0.00957231145628307,0.00957231145628307
107,0.009861838766968644,0.009861838766968644,0.013858292569489311,0.013858292569489311,0.013858292569489311,0.013858292569489311,0.009462615393883092,0.009462615393883092,0.009462615393883092,0.009462615393883092,0.009462615393883092,0.009462615393883092,0.0103250053796974,0.0103250053796974,0.009663177330557101,0.009663177330557101,0.009912750878591954,0.009912750878591954,0.009912750878591954,0.009912750878591954,0.007961506217164554,0.007961506217164554
108,0.009107260177968333,0.009107260177968333,0.012799099000155785,0.012799099000155785,0.012799099000155785,0.012799099000155785,0.009302089792613473,0.009302089792613473,0.009302089792613473,0.009302089792613473,0.009302089792613473,0.009302089792613473,0.009317041285051212,0.009317041285051212,0.008396328491474186,0.008396328491474186,0.009475003770203789,0.009475003770203789,0.009475003770203789,0.009475003770203789,0.007417919521981622,0.007417919521981622
109,0.00930114927824586,0.00930114927824586,0.01092951797145128,0.01092951797145128,0.01092951797145128,0.01092951797145128,0.009271953572099641,0.009271953572099641,0.009271953572099641,0.009271953572099641,0.009271953572099641,0.009271953572099641,0.010596456068714179,0.010596456068714179,0.009406597537140737,0.009406597537140737,0.010035715745673333,0.010035715745673333,0.010035715745673333,0.010035715745673333,0.008204205042279466,0.008204205042279466
110,0.008847717364897013,0.008847717364897013,0.010767958832910521,0.010767958832910521,0.010767958832910521,0.010767958832910521,0.009589586943351392,0.009589586943351392,0.009589586943351392,0.009589586943351392,0.009589586943351392,0.009589586943351392,0.010398774743877261,0.010398774743877261,0.01072297264158838,0.01072297264158838,0.009266382212635057,0.009266382212635057,0.009266382212635057,0.009266382212635057,0.006911498466060906,0.006911498466060906
111,0.008616868714201368,0.008616868714201368,0.00879840155474169,0.00879840155474169,0.00879840155474169,0.00879840155474169,0.00817370452597005,0.00817370452597005,0.00817370452597005,0.00817370452597005,0.00817370452597005,0.00817370452597005,0.009719640513386226,0.009719640513386226,0.008588132377985318,0.008588132377985318,0.008390136332435984,0.008390136332435984,0.008390136332435984,0.008390136332435984,0.007161199528153656,0.007161199528153656
112,0.007694282292709842,0.007694282292709842,0.011444229756969362,0.011444229756969362,0.011444229756969362,0.011444229756969362,0.008623942672251493,0.008623942672251493,0.008623942672251493,0.008623942672251493,0.008623942672251493,0.008623942672251493,0.00841107119467802,0.00841107119467802,0.007779178188796713,0.007779178188796713,0.008450043986609913,0.008450043986609913,0.008450043986609913,0.008450043986609913,0.006348653950504669,0.006348653950504669
113,0.006949296291372151,0.006949296291372151,0.008017891511494301,0.008017891511494301,0.008017891511494301,0.008017891511494301,0.008645222942449966,0.008645222942449966,0.008645222942449966,0.008645222942449966,0.008645222942449966,0.008645222942449966,0.008563054117407709,0.008563054117407709,0.006005784212484643,0.006005784212484643,0.007304751263003391,0.007304751263003391,0.007304751263003391,0.007304751263003391,0.006257839475780013,0.006257839475780013
114,0.008190272723148916,0.008190272723148916,0.010853193228819346,0.010853193228819346,0.010853193228819346,0.010853193228819346,0.00890979976230111,0.00890979976230111,0.00890979976230111,0.00890979976230111,0.00890979976230111,0.00890979976230111,0.00928820079480645,0.00928820079480645,0.007380325743936062,0.007380325743936062,0.007807287848255728,0.007807287848255728,0.007807287848255728,0.007807287848255728,0.006769457763679805,0.006769457763679805
115,0.0067215419587277545,0.0067215419587277545,0.007876640192288504,0.007876640192288504,0.007876640192288504,0.007876640192288504,0.007680438251541334,0.007680438251541334,0.007680438251541334,0.007680438251541334,0.007680438251541334,0.007680438251541334,0.008344541926835354,0.008344541926835354,0.0067275363385155655,0.0067275363385155655,0.007305583475014431,0.007305583475014431,0.007305583475014431,0.007305583475014431,0.005688762849612673,0.005688762849612673
116,0.005613433408812663,0.005613433408812663,0.008872826642720521,0.008872826642720521,0.008872826642720521,0.008872826642720521,0.005438379271920214,0.005438379271920214,0.005438379271920214,0.005438379271920214,0.005438379271920214,0.005438379271920214,0.006248327779753744,0.006248327779753744,0.007395885097703053,0.007395885097703053,0.005123695707267845,0.005123695707267845,0.005123695707267845,0.005123695707267845,0.004843025363444271,0.004843025363444271
117,0.0062019297949459685,0.0062019297949459685,0.008247038421053324,0.008247038421053324,0.008247038421053324,0.008247038421053324,0.006338268804440926,0.006338268804440926,0.006338268804440926,0.006338268804440926,0.006338268804440926,0.006338268804440926,0.006793230520357842,0.006793230520357842,0.006795891918160703,0.006795891918160703,0.005834562833170485,0.005834562833170485,0.005834562833170485,0.005834562833170485,0.005107868964838752,0.005107868964838752
118,0.0051131285428713275,0.0051131285428713275,0.005383528497708576,0.005383528497708576,0.005383528497708576,0.005383528497708576,0.005772411491879374,0.005772411491879374,0.005772411491879374,0.005772411491879374,0.005772411491879374,0.005772411491879374,0.0059500761090295,0.0059500761090295,0.006062662845401773,0.006062662845401773,0.004864555478217554,0.004864555478217554,0.004864555478217554,0.004864555478217554,0.005069562899352279,0.005069562899352279
119,0.004392543084909131,0.004392543084909131,0.005425985502822649,0.005425985502822649,0.005425985502822649,0.005425985502822649,0.005751347755057668,0.005751347755057668,0.005751347755057668,0.005751347755057668,0.005751347755057668,0.005751347755057668,0.004616199067212244,0.004616199067212244,0.005275081393003191,0.005275081393003191,0.004106838422000712,0.004106838422000712,0.004106838422000712,0.004106838422000712,0.004392384669637267,0.004392384669637267
120,0.004265339071734039,0.004265339071734039,0.0025412524781457976,0.0025412524781457976,0.0025412524781457976,0.0025412524781457976,0.0038566827339862482,0.0038566827339862482,0.0038566827339862482,0.0038566827339862482,0.0038566827339862482,0.0038566827339862482,0.004679411515929316,0.004679411515929316,0.004886623213819761,0.004886623213819761,0.0038113716553125083,0.0038113716553125083,0.0038113716553125083,0.0038113716553125083,0.0026244700002148206,0.0026244700002148206
121,0.0025542754403893547,0.0025542754403893547,0.0014583769397000905,0.0014583769397000905,0.0014583769397000905,0.0014583769397000905,0.0028035610295831016,0.0028035610295831016,0.0028035610295831016,0.0028035610295831016,0.0028035610295831016,0.0028035610295831016,0.003783920640834281,0.003783920640834281,0.003982694340809638,0.003982694340809638,0.002883400102324092,0.002883400102324092,0.002883400102324092,0.002883400102324092,0.001944291123708114,0.001944291123708114
122,0.0022405661304257603,0.0022405661304257603,0.005550933124400262,0.005550933124400262,0.005550933124400262,0.005550933124400262,0.0026792130697798422,0.0026792130697798422,0.0026792130697798422,0.0026792130697798422,0.0026792130697798422,0.0026792130697798422,0.0035585359706981233,0.0035585359706981233,0.0025342986614782536,0.0025342986614782536,0.0029104222285420388,0.0029104222285420388,0.0029104222285420388,0.0029104222285420388,0.0022189914020611344,0.0022189914020611344
123,0.001544950054173735,0.001544950054173735,0.004646214492940029,0.004646214492940029,0.004646214492940029,0.004646214492940029,0.002478665329959651,0.002478665329959651,0.002478665329959651,0.002478665329959651,0.002478665329959651,0.002478665329959651,0.0027665776629284588,0.0027665776629284588,0.003266409923916918,0.003266409923916918,0.002111504881071555,0.002111504881071555,0.002111504881071555,0.002111504881071555,0.0018359664654848751,0.0018359664654848751
124,0.0016901884057750301,0.0016901884057750301,0.002185171297258718,0.002185171297258718,0.002185171297258718,0.002185171297258718,0.001296331444477543,0.001296331444477543,0.001296331444477543,0.001296331444477543,0.001296331444477543,0.001296331444477543,0.003167197311022707,0.003167197311022707,0.001618922903676287,0.001618922903676287,0.0027088807326764845,0.0027088807326764845,0.0027088807326764845,0.0027088807326764845,0.001954215127081646,0.001954215127081646
125,0.0010309059989927968,0.0010309059989927968,0.00040576459401335996,0.00040576459401335996,0.00040576459401335996,0.00040576459401335996,0.0009723865100363633,0.0009723865100363633,0.0009723865100363633,0.0009723865100363633,0.0009723865100363633,0.0009723865100363633,0.0021999840064410186,0.0021999840064410186,0.003062691864744096,0.003062691864744096,0.0016410394242354458,0.0016410394242354458,0.0016410394242354458,0.0016410394242354458,0.0018096620787684807,0.0018096620787684807
126,0.0005584315487136152,0.0005584315487136152,0.0016082199676292635,0.0016082199676292635,0.0016082199676292635,0.0016082199676292635,0.0013901935128514,0.0013901935128514,0.0013901935128514,0.0013901935128514,0.0013901935128514,0.0013901935128514,0.0014770524754414874,0.0014770524754414874,0.0019321947063394547,0.0019321947063394547,0.0004963728258954069,0.0004963728258954069,0.0004963728258954069,0.0004963728258954069,0.0003927637702995386,0.0003927637702995386
127,0.0006718734788065264,0.0006718734788065264,0.0006002268709752338,0.0006002268709752338,0.0006002268709752338,0.0006002268709752338,0.0012759966943160415,0.0012759966943160415,0.0012759966943160415,0.0012759966943160415,0.0012759966943160415,0.0012759966943160415,0.0014527908081269662,0.0014527908081269662,0.0025777206349452343,0.0025777206349452343,0.002022764666918392,0.002022764666918392,0.002022764666918392,0.002022764666918392,0.0017458123705683085,0.0017458123705683085
128,9.361574280446285e-05,9.361574280446285e-05,0.0017415410773052615,0.0017415410773052615,0.0017415410773052615,0.0017415410773052615,0.00040180871630757383,0.00040180871630757383,0.00040180871630757383,0.00040180871630757383,0.00040180871630757383,0.00040180871630757383,0.0009244002138032155,0.0009244002138032155,0.0022668366385378883,0.0022668366385378883,0.001284528820119214,0.001284528820119214,0.001284528820119214,0.001284528820119214,0.0015131939425848812,0.0015131939425848812
129,0.0002290125838424178,0.0002290125838424178,0.0011686359155158757,0.0011686359155158757,0.0011686359155158757,0.0011686359155158757,0.0018730706433572903,0.0018730706433572903,0.0018730706433572903,0.0018730706433572903,0.0018730706433572903,0.0018730706433572903,0.0019524272439387555,0.0019524272439387555,0.0019559531505700264,0.0019559531505700264,0.0014890223003485034,0.0014890223003485034,0.0014890223003485034,0.0014890223003485034,0.001158516681177947,0.001158516681177947
130,-5.293382115266054e-07,-5.293382115266054e-07,0.00017414870521844766,0.00017414870521844766,0.00017414870521844766,0.00017414870521844766,-5.147768780697534e-07,-5.147768780697534e-07,-5.147768780697534e-07,-5.147768780697534e-07,-5.147768780697534e-07,-5.147768780697534e-07,0.00023945907674180058,0.00023945907674180058,0.0011638122447163311,0.0011638122447163311,-5.302476419398655e-07,-5.302476419398655e-07,-5.302476419398655e-07,-5.302476419398655e-07,1.9736811210228638e-05,1.9736811210228638e-05
131,0.0004228044162250737,0.0004228044162250737,0.00039432194777082715,0.00039432194777082715,0.00039432194777082715,0.00039432194777082715,0.0008301563279631679,0.0008301563279631679,0.0008301563279631679,0.0008301563279631679,0.0008301563279631679,0.0008301563279631679,-5.350227227300018e-07,-5.350227227300018e-07,-5.306662638090463e-07,-5.306662638090463e-07,0.00044257890277782987,0.00044257890277782987,0.00044257890277782987,0.00044257890277782987,0.0010505870657856685,0.0010505870657856685
132,0.0007790343536608396,0.0007790343536608396,-4.874200704441562e-07,-4.874200704441562e-07,-4.874200704441562e-07,-4.874200704441562e-07,0.00048397135165096906,0.00048397135165096906,0.00048397135165096906,0.00048397135165096906,0.00048397135165096906,0.00048397135165096906,0.001780373366345434,0.001780373366345434,0.0022075204000622985,0.0022075204000622985,0.001473874546271586,0.001473874546271586,0.001473874546271586,0.001473874546271586,0.0012392488909519187,0.0012392488909519187
133,0.0009437252135967384,0.0009437252135967384,0.002155098621344967,0.002155098621344967,0.002155098621344967,0.002155098621344967,0.0008613225753647886,0.0008613225753647886,0.0008613225753647886,0.0008613225753647886,0.0008613225753647886,0.0008613225753647886,0.0012144415297148932,0.0012144415297148932,0.0022218736609279314,0.0022218736609279314,0.002282949248429342,0.002282949248429342,0.002282949248429342,0.002282949248429342,0.0010811129839783781,0.0010811129839783781
134,0.0013965500738993982,0.0013965500738993982,0.0025140284808953897,0.0025140284808953897,0.0025140284808953897,0.0025140284808953897,0.0023186612204149715,0.0023186612204149715,0.0023186612204149715,0.0023186612204149715,0.0023186612204149715,0.0023186612204149715,0.0014950341489863698,0.0014950341489863698,0.0034372147186078777,0.0034372147186078777,0.0019660307968958177,0.0019660307968958177,0.0019660307968958177,0.0019660307968958177,0.0018989212814641608,0.0018989212814641608
135,0.0012690984980979053,0.0012690984980979053,0.0029442660934253153,0.0029442660934253153,0.0029442660934253153,0.0029442660934253153,0.0017599526801739794,0.0017599526801739794,0.0017599526801739794,0.0017599526801739794,0.0017599526801739794,0.0017599526801739794,0.001657453973818032,0.001657453973818032,0.0025501820981550013,0.0025501820981550013,0.0016022621377821192,0.0016022621377821192,0.0016022621377821192,0.0016022621377821192,0.0021021254990833097,0.0021021254990833097
136,3.412484534797101e-05,3.412484534797101e-05,0.003196611075208256,0.003196611075208256,0.003196611075208256,0.003196611075208256,7.927827350497097e-05,7.927827350497097e-05,7.927827350497097e-05,7.927827350497097e-05,7.927827350497097e-05,7.927827350497097e-05,0.0006723306812543103,0.0006723306812543103,0.0009593954710788471,0.0009593954710788471,0.00029191935526909726,0.00029191935526909726,0.00029191935526909726,0.00029191935526909726,-4.3308112091956326e-07,-4.3308112091956326e-07
137,0.0020922900484414467,0.0020922900484414467,0.003157226167997239,0.003157226167997239,0.003157226167997239,0.003157226167997239,0.002424057108622912,0.002424057108622912,0.002424057108622912,0.002424057108622912,0.002424057108622912,0.002424057108622912,0.002681817211357735,0.002681817211357735,0.0015435163111442677,0.0015435163111442677,0.001609170494707978,0.001609170494707978,0.001609170494707978,0.001609170494707978,0.0012946734409421143,0.0012946734409421143
138,0.001535316148813778,0.001535316148813778,0.0035099480194979026,0.0035099480194979026,0.0035099480194979026,0.0035099480194979026,0.0020031949314195507,0.0020031949314195507,0.0020031949314195507,0.0020031949314195507,0.0020031949314195507,0.0020031949314195507,0.0027722477133358603,0.0027722477133358603,0.0021200088076753,0.0021200088076753,0.0021750818670337084,0.0021750818670337084,0.0021750818670337084,0.0021750818670337084,0.0011691694724033945,0.0011691694724033945
139,0.0033232466849376875,0.0033232466849376875,0.002736627440661105,0.002736627440661105,0.002736627440661105,0.002736627440661105,0.0026968948581102986,0.0026968948581102986,0.0026968948581102986,0.0026968948581102986,0.0026968948581102986,0.0026968948581102986,0.003406659444136057,0.003406659444136057,0.0033067342454537107,0.0033067342454537107,0.0022506813953517384,0.0022506813953517384,0.0022506813953517384,0.0022506813953517384,0.0018015864239655588,0.0018015864239655588
140,0.00321920672419069,0.00321920672419069,0.0023128844155995017,0.0023128844155995017,0.0023128844155995017,0.0023128844155995017,0.0027223808493605983,0.0027223808493605983,0.0027223808493605983,0.0027223808493605983,0.0027223808493605983,0.0027223808493605983,0.0030989838582887426,0.0030989838582887426,0.0028856065162430667,0.0028856065162430667,0.0030543774227664313,0.0030543774227664313,0.0030543774227664313,0.0030543774227664313,0.002666323799096599,0.002666323799096599
141,0.0022713845254631634,0.0022713845254631634,0.0025302596262127192,0.0025302596262127192,0.0025302596262127192,0.0025302596262127192,0.002610933513879917,0.002610933513879917,0.002610933513879917,0.002610933513879917,0.002610933513879917,0.002610933513879917,0.0029649418748582267,0.0029649418748582267,0.0015950101389114618,0.0015950101389114618,0.002380922340372107,0.002380922340372107,0.002380922340372107,0.002380922340372107,0.001566254150232688,0.001566254150232688
142,0.002512409677774078,0.002512409677774078,0.004013129370032407,0.004013129370032407,0.004013129370032407,0.004013129370032407,0.0033007404614387266,0.0033007404614387266,0.0033007404614387266,0.0033007404614387266,0.0033007404614387266,0.0033007404614387266,0.003074115346118305,0.003074115346118305,0.0035228655904691814,0.0035228655904691814,0.002791945850606592,0.002791945850606592,0.002791945850606592,0.002791945850606592,0.0025211069255742756,0.0025211069255742756
143,0.005332338771302984,0.005332338771302984,0.004820185931419494,0.004820185931419494,0.004820185931419494,0.004820185931419494,0.005964295018949888,0.005964295018949888,0.005964295018949888,0.005964295018949888,0.005964295018949888,0.005964295018949888,0.005601691957169229,0.005601691957169229,0.0059373945027278215,0.0059373945027278215,0.0048196881102332756,0.0048196881102332756,0.0048196881102332756,0.0048196881102332756,0.005003457660335672,0.005003457660335672
144,0.005272112012309234,0.005272112012309234,0.004600778726635168,0.004600778726635168,0.004600778726635168,0.004600778726635168,0.004262388249133906,0.004262388249133906,0.004262388249133906,0.004262388249133906,0.004262388249133906,0.004262388249133906,0.005770125768858333,0.005770125768858333,0.004437933781404563,0.004437933781404563,0.004899546154189189,0.004899546154189189,0.004899546154189189,0.004899546154189189,0.004748854163693462,0.004748854163693462
145,0.0030168621075277167,0.0030168621075277167,0.005036709539647997,0.005036709539647997,0.005036709539647997,0.005036709539647997,0.0034362829234409423,0.0034362829234409423,0.0034362829234409423,0.0034362829234409423,0.0034362829234409423,0.0034362829234409423,0.003473092582953846,0.003473092582953846,0.004097224789142008,0.004097224789142008,0.0034353604353286877,0.0034353604353286877,0.0034353604353286877,0.0034353604353286877,0.0030283498907611637,0.0030283498907611637
146,0.003243037418103524,0.003243037418103524,0.006046722794085309,0.006046722794085309,0.006046722794085309,0.006046722794085309,0.003386312195336428,0.003386312195336428,0.003386312195336428,0.003386312195336428,0.003386312195336428,0.003386312195336428,0.002948833882762613,0.002948833882762613,0.003870001784869385,0.003870001784869385,0.0026566194280780273,0.0026566194280780273,0.0026566194280780273,0.0026566194280780273,0.0024594882024644325,0.0024594882024644325
147,0.0037176096862087944,0.0037176096862087944,0.005624066737252446,0.005624066737252446,0.005624066737252446,0.005624066737252446,0.0040348478763723335,0.0040348478763723335,0.0040348478763723335,0.0040348478763723335,0.0040348478763723335,0.0040348478763723335,0.002878696769033053,0.002878696769033053,0.0025135110342959406,0.0025135110342959406,0.003632787379396008,0.003632787379396008,0.003632787379396008,0.003632787379396008,0.0021773722218097415,0.0021773722218097415
148,0.005215495399581912,0.005215495399581912,0.007528473857802259,0.007528473857802259,0.007528473857802259,0.007528473857802259,0.005361704506547938,0.005361704506547938,0.005361704506547938,0.005361704506547938,0.005361704506547938,0.005361704506547938,0.005323933179313268,0.005323933179313268,0.00576447147557897,0.00576447147557897,0.005443576667132877,0.005443576667132877,0.005443576667132877,0.005443576667132877,0.004702382752686839,0.004702382752686839
149,0.00707424107396587,0.00707424107396587,0.007976418677819898,0.007976418677819898,0.007976418677819898,0.007976418677819898,0.006686713178885205,0.006686713178885205,0.006686713178885205,0.006686713178885205,0.006686713178885205,0.006686713178885205,0.0070030407337455455,0.0070030407337455455,0.005485888148026799,0.005485888148026799,0.005936130476207089,0.005936130476207089,0.005936130476207089,0.005936130476207089,0.005817671730333667,0.005817671730333667
150,0.00651747553545612,0.00651747553545612,0.00770653148034015,0.00770653148034015,0.00770653148034015,0.00770653148034015,0.0069922061559191855,0.0069922061559191855,0.0069922061559191855,0.0069922061559191855,0.0069922061559191855,0.0069922061559191855,0.007645397806665834,0.007645397806665834,0.0060222751279795485,0.0060222751279795485,0.0066214919246977795,0.0066214919246977795,0.0066214919246977795,0.0066214919246977795,0.005426148659471453,0.005426148659471453
151,0.007958342136003087,0.007958342136003087,0.009461139953347245,0.009461139953347245,0.009461139953347245,0.009461139953347245,0.008222012040919222,0.008222012040919222,0.008222012040919222,0.008222012040919222,0.008222012040919222,0.008222012040919222,0.008188052876063908,0.008188052876063908,0.00756213684026397,0.00756213684026397,0.00669933159818067,0.00669933159818067,0.00669933159818067,0.00669933159818067,0.006124180655028467,0.006124180655028467
152,0.02604617041184271,0.02604617041184271,0.0271278791978035,0.0271278791978035,0.0271278791978035,0.0271278791978035,0.025462776815441523,0.025462776815441523,0.025462776815441523,0.025462776815441523,0.025462776815441523,0.025462776815441523,0.02586805910601353,0.02586805910601353,0.026334498157085516,0.026334498157085516,0.026473042910738702,0.026473042910738702,0.026473042910738702,0.026473042910738702,0.02403296719372254,0.02403296719372254
153,0.020494257415363558,0.020494257415363558,0.021874634752819564,0.021874634752819564,0.021874634752819564,0.021874634752819564,0.020449559027741482,0.020449559027741482,0.020449559027741482,0.020449559027741482,0.020449559027741482,0.020449559027741482,0.021441590164650692,0.021441590164650692,0.023805039096554733,0.023805039096554733,0.02265975363137497,0.02265975363137497,0.02265975363137497,0.02265975363137497,0.022141556333937315,0.022141556333937315
154,0.022898997560571403,0.022898997560571403,0.025003139609635516,0.025003139609635516,0.025003139609635516,0.025003139609635516,0.023007142779155564,0.023007142779155564,0.023007142779155564,0.023007142779155564,0.023007142779155564,0.023007142779155564,0.02455654475486505,0.02455654475486505,0.02641263406589061,0.02641263406589061,0.0258831395071633,0.0258831395071633,0.0258831395071633,0.0258831395071633,0.0245479205739749,0.0245479205739749
155,0.023426436172556606,0.023426436172556606,0.025142654703638218,0.025142654703638218,0.025142654703638218,0.025142654703638218,0.02422905029553434,0.02422905029553434,0.02422905029553434,0.02422905029553434,0.02422905029553434,0.02422905029553434,0.024914600328480987,0.024914600328480987,0.02649913482275287,0.02649913482275287,0.02523397393362714,0.02523397393362714,0.02523397393362714,0.02523397393362714,0.0247439465347673,0.0247439465347673
156,0.025077376676544624,0.025077376676544624,0.02765278634828277,0.02765278634828277,0.02765278634828277,0.02765278634828277,0.02615020392965097,0.02615020392965097,0.02615020392965097,0.02615020392965097,0.02615020392965097,0.02615020392965097,0.02633916622913403,0.02633916622913403,0.02789817473003763,0.02789817473003763,0.02814456030521313,0.02814456030521313,0.02814456030521313,0.02814456030521313,0.02695125316344959,0.02695125316344959
157,0.025903980741097364,0.025903980741097364,0.027613392935010396,0.027613392935010396,0.027613392935010396,0.027613392935010396,0.026014978282310728,0.026014978282310728,0.026014978282310728,0.026014978282310728,0.026014978282310728,0.026014978282310728,0.02679223440418785,0.02679223440418785,0.028489271704213857,0.028489271704213857,0.027934788189514028,0.027934788189514028,0.027934788189514028,0.027934788189514028,0.027224365145258916,0.027224365145258916
